month,maxTemp,minTemp,avgWind,rain,snow
Jan-1950,28.2,-24.4,5.090322580645162,0.5670000000000001,71.16499999999999
Feb-1950,34.4,-20.8,4.828571428571429,1.7500000000000002,96.59099999999998
Mar-1950,34.6,-0.8,4.554838709677419,1.26,80.285
Apr-1950,48.2,12.4,5.123333333333333,1.3930000000000002,50.934000000000005
May-1950,51.7,15.4,4.825806451612904,2.8600000000000003,15.799
Jun-1950,61.4,19.4,3.6533333333333338,1.8630000000000002,0.364
Jul-1950,66.5,25,3.648387096774193,1.7000000000000002,0
Aug-1950,68.9,25.9,4.351612903225806,4.5729999999999995,0
Sep-1950,69.9,21.5,4.5233333333333325,3.094,2.154
Oct-1950,46.9,17,4.338709677419355,8.586999999999996,42.568
Nov-1950,34.8,-0.5,4.696666666666668,4.722,70.382
Dec-1950,31.3,5.5,4.354838709677419,8.262,66.902
Jan-1951,27.1,-19.6,5.206451612903226,1.058,105.02999999999999
Feb-1951,33.8,-6,4.392857142857142,5.170999999999999,76.275
Mar-1951,46.6,-1.6,4.661290322580645,0.252,48.114000000000004
Apr-1951,51.5,10.1,4.766666666666667,0.7310000000000001,3.762
May-1951,56.3,19.7,4.0612903225806445,4.153,6.268999999999999
Jun-1951,66,22.1,4.09,0.7540000000000001,0
Jul-1951,72.9,24.5,4.616129032258065,0.8410000000000002,0
Aug-1951,71.3,29.9,5.064516129032257,1.9600000000000002,0
Sep-1951,69.3,28.5,4.849999999999999,5.921,0
Oct-1951,61.8,6.2,4.290322580645161,8.043,30.854000000000003
Nov-1951,36.7,-0.7,4.676666666666667,2.0250000000000004,72.112
Dec-1951,29.3,-14.9,4.141935483870968,0.07999999999999999,70.80099999999999
Jan-1952,30.8,-14.1,4.503225806451613,0.931,76.16099999999999
Feb-1952,35,-0.4,3.9999999999999996,1.62,59.38600000000002
Mar-1952,37.9,5.8,4.6258064516129025,0.561,47.665
Apr-1952,49.9,9.6,4.930000000000001,2.774,24.273
May-1952,58,14.9,3.9129032258064513,2.795000000000001,4.035
Jun-1952,56.2,21.5,4.0166666666666675,5.083,1.247
Jul-1952,72.8,22.3,4.690322580645161,1.883,0
Aug-1952,73.8,30.1,4.903225806451613,2.773,0
Sep-1952,69.9,26.8,4.403333333333334,2.4630000000000005,0
Oct-1952,64.7,22.3,3.870967741935483,3.17,3.9730000000000003
Nov-1952,42.3,1.6,4.3966666666666665,1.7110000000000003,16.078
Dec-1952,32.2,0.2,4.638709677419356,1.4040000000000001,76.21699999999998
Jan-1953,32.3,8.6,4.929032258064516,7.759999999999997,161.65999999999997
Feb-1953,29.6,4.9,4.039285714285715,0.7699999999999999,59.79500000000001
Mar-1953,47,5,4.8193548387096765,0.918,46.25
Apr-1953,42.2,7.4,4.760000000000001,2.5290000000000004,19.976
May-1953,56.6,17.4,4.041935483870969,2.662000000000001,3.2410000000000005
Jun-1953,55.9,22,3.8966666666666665,3.0960000000000005,1.5750000000000002
Jul-1953,71.2,25.1,4.293548387096774,1.7120000000000002,0
Aug-1953,71.7,28.7,4.241935483870968,3.93,0
Sep-1953,73.5,25.1,4.623333333333334,5.874,6.865
Oct-1953,59.1,20.1,4.087096774193548,9.158000000000001,4.605
Nov-1953,40.7,6.6,4.993333333333334,8.484,68.20499999999998
Dec-1953,29.4,9.6,4.687096774193548,2.1780000000000004,109.243
Jan-1954,31.4,-14.1,4.651612903225807,0.75,128.545
Feb-1954,42.7,9.5,5.350000000000001,0.8939999999999999,109.48999999999998
Mar-1954,37.6,-1.8,5.025806451612903,1.651,36.029
Apr-1954,42.3,7.6,5.443333333333333,1.218,68.99899999999998
May-1954,55,5.9,4.235483870967743,1.8920000000000001,3.1759999999999997
Jun-1954,59.5,18.7,4.320000000000001,3.7060000000000013,5.196000000000001
Jul-1954,62,23,3.6838709677419357,2.976,0.028
Aug-1954,64,25.2,3.4741935483870967,3.703,0.055
Sep-1954,61.3,20.2,3.766666666666666,3.4069999999999996,0
Oct-1954,53,11.9,4.467741935483871,5.524,8.443
Nov-1954,49.5,2.6,4.423333333333333,11.604000000000001,35.49
Dec-1954,30.3,-1.1,4.919354838709676,0.639,92.999
Jan-1955,37.7,-0.1,3.6580645161290315,0.488,37.385
Feb-1955,28.2,-3.8,4.453571428571428,0.06400000000000002,69.49199999999999
Mar-1955,39.4,-18.2,5.329032258064514,0.28800000000000003,68.17
Apr-1955,47.6,12.3,4.75,0.9870000000000001,55.02600000000001
May-1955,43.1,13.5,4.635483870967742,3.399000000000001,18.656000000000002
Jun-1955,61.3,20.9,3.8599999999999994,2.4770000000000003,0.91
Jul-1955,66.2,23.9,3.6451612903225805,3.3789999999999996,0.443
Aug-1955,69.2,28,4.580645161290323,1.064,0
Sep-1955,75,21.5,4.316666666666666,3.0390000000000006,0.64
Oct-1955,54.6,11.1,4.383870967741935,7.933,44.16199999999999
Nov-1955,41.6,-19.7,5,5.129,75.36000000000001
Dec-1955,28.3,-8,5.154838709677419,1.245,101.046
Jan-1956,29,-13.6,4.561290322580645,0.26,82.256
Feb-1956,30.4,-16.9,4.7379310344827585,0.02,69.696
Mar-1956,43.8,-1.8,4.841935483870968,0.3640000000000001,99.86100000000002
Apr-1956,56.1,9.5,4.580000000000001,0.552,10.516
May-1956,64.8,15.6,4.0677419354838715,1.169,4.056
Jun-1956,56.2,19.6,4.369999999999999,5.762999999999999,4.893
Jul-1956,75.5,23.8,3.9516129032258056,0.9620000000000002,0
Aug-1956,71.9,28.3,4.090322580645161,2.4050000000000002,0
Sep-1956,63.7,26.8,4.12,8.004999999999999,1.822
Oct-1956,59.9,6,4.241935483870968,7.901999999999999,59.281
Nov-1956,40.4,1.4,4.489999999999999,2.222,21.258
Dec-1956,32.1,-11.6,4.838709677419355,3.3600000000000003,109.95500000000001
Jan-1957,25.2,-16.5,4.467741935483871,0.036000000000000004,40.19699999999999
Feb-1957,40.6,-3.8,4.621428571428572,1.114,74.315
Mar-1957,40.5,12.7,4.741935483870968,0.846,62.29699999999997
Apr-1957,59,14.4,4.456666666666666,1.7160000000000004,20.233999999999998
May-1957,62.6,23,3.7709677419354835,2.357,1.657
Jun-1957,64.7,22.2,4.346666666666668,3.181,0.028
Jul-1957,60.6,24.2,4.55483870967742,3.4430000000000005,0
Aug-1957,61.8,27.5,4.1096774193548375,3.0990000000000006,0
Sep-1957,69.7,28.7,4.42,1.732,0
Oct-1957,55.7,17.9,4.380645161290322,5.507000000000001,15.060000000000002
Nov-1957,44.2,-1.4,4.163333333333333,1.6140000000000003,32.181999999999995
Dec-1957,35,6.4,5.048387096774194,0.928,119.305
Jan-1958,31.7,8.9,4.329032258064517,2.068,84.437
Feb-1958,38.5,15,4.307142857142856,4.622999999999999,43.64599999999999
Mar-1958,42.2,6,4.193548387096774,1.0870000000000002,23.122999999999998
Apr-1958,46.7,15.9,4.466666666666667,1.9210000000000005,54.875
May-1958,68.2,18.1,3.7967741935483876,0.9339999999999999,0.222
Jun-1958,69.8,24.9,3.786666666666666,2.203,0
Jul-1958,76.6,32,4.838709677419355,0.6900000000000001,0
Aug-1958,77.7,36,5.209677419354839,2.3369999999999997,0.028
Sep-1958,70,22.1,4.363333333333332,5.747999999999999,2.654
Oct-1958,59.6,9.8,4.70967741935484,6.313000000000001,15.472
Nov-1958,37.7,-5,4.543333333333333,5.045999999999999,76.15899999999999
Dec-1958,32.1,6.2,4.419354838709677,9.660999999999998,51.736
Jan-1959,29.6,-19.8,4.493548387096773,1.496,95.11999999999998
Feb-1959,36.6,-0.1,4.346428571428571,1,46.36599999999999
Mar-1959,38.8,10,4.906451612903226,0.5630000000000001,79.27100000000002
Apr-1959,49.3,14.5,4.723333333333333,4.34,48.47500000000001
May-1959,62,15.8,4.248387096774193,2.2070000000000003,13.599000000000002
Jun-1959,61.6,22.4,3.7600000000000002,4.465999999999999,0.25
Jul-1959,71.9,23.1,3.867741935483871,2.2760000000000002,0.028
Aug-1959,60.5,28.6,4.590322580645163,4.186,0.028
Sep-1959,63.5,24.1,4.156666666666667,8.977999999999996,2.404
Oct-1959,54.4,12.9,3.9548387096774187,7.8229999999999995,10.488000000000001
Nov-1959,44.6,-15.2,4.6866666666666665,4.7879999999999985,49.65599999999999
Dec-1959,33.4,4.5,4.583870967741936,1.044,77.52100000000002
Jan-1960,32.2,-8.4,4.303225806451613,2.022,50.297999999999995
Feb-1960,32.2,-7.2,4.8103448275862055,0.648,57.43300000000001
Mar-1960,53.8,-3.3,4.380645161290323,0.552,68.03400000000002
Apr-1960,49.4,14.8,4.953333333333332,1.5090000000000003,44.125
May-1960,52.1,17.6,4.4645161290322575,6.479000000000001,18.916
Jun-1960,57.4,21.9,4.066666666666666,3.271000000000001,0.8350000000000001
Jul-1960,77.5,26.4,4.419354838709677,0.244,0
Aug-1960,74.2,27.8,4.651612903225807,5.029,0.305
Sep-1960,66.6,25.5,4.139999999999999,4.0809999999999995,0.277
Oct-1960,56.8,13.5,4.512903225806451,8.985,15.891
Nov-1960,42.2,1.7,4.546666666666668,1.6230000000000002,82.614
Dec-1960,33,-0.1,4.096774193548387,1.707,44.428
Jan-1961,34.1,5.1,4.864516129032259,3.2989999999999995,97.20899999999999
Feb-1961,30.9,9.7,4.664285714285714,3.9610000000000003,108.80900000000001
Mar-1961,38.6,-1,4.274193548387096,1.7810000000000004,45.09100000000001
Apr-1961,38.8,11.7,4.866666666666666,2.4280000000000004,22.597
May-1961,59,18.8,3.790322580645161,3.314,7.88
Jun-1961,72.8,21.9,3.863333333333334,1.848,0
Jul-1961,74.2,26,4.129032258064517,1.217,0
Aug-1961,80.3,35.8,4.745161290322581,1.9929999999999999,0
Sep-1961,61.7,19,5.12,4.115000000000001,2.7060000000000004
Oct-1961,57.9,13.4,4.458064516129032,5.523999999999998,45.902
Nov-1961,41.3,-2,4.543333333333333,2.979,63.74
Dec-1961,31.4,-10,4.758064516129032,1.9460000000000002,97.433
Jan-1962,40.9,-15.8,4.22258064516129,2.0909999999999997,50.40200000000001
Feb-1962,35,-10.5,4.371428571428571,1.106,17.393
Mar-1962,45.6,2.5,4.329032258064516,0.216,50.11000000000001
Apr-1962,53,16.5,5.053333333333332,2.1430000000000007,36.059
May-1962,46.1,16,4.16774193548387,3.1090000000000004,15.127
Jun-1962,62.8,20.9,4.093333333333333,2.815000000000001,3.978
Jul-1962,70.1,23.3,3.9354838709677415,1.713,0.887
Aug-1962,65,30,4.429032258064517,7.656,0
Sep-1962,67.9,23.9,4.45,4.287,1.215
Oct-1962,58.3,17.7,4.129032258064516,4.236,24.593000000000004
Nov-1962,56.6,6.6,4.716666666666668,5.0169999999999995,85.60200000000002
Dec-1962,32.9,-1.7,4.2290322580645165,4.132000000000001,65.669
Jan-1963,32.8,-16.9,4.232258064516129,0.657,28.980000000000004
Feb-1963,43.7,5.6,4.207142857142856,6.8359999999999985,28.548999999999992
Mar-1963,39.6,7.7,4.619354838709677,1.038,39.722
Apr-1963,48.6,7.5,4.12,2.9330000000000007,22.203
May-1963,62.9,14.7,4.409677419354838,1.7240000000000002,13.595999999999997
Jun-1963,67.2,24.1,3.8833333333333333,3.124,0.028
Jul-1963,61.9,23.8,4.370967741935484,5.348000000000001,0
Aug-1963,73.1,32.3,3.935483870967741,3.525,0
Sep-1963,71.5,27.9,3.693333333333333,5.247,0
Oct-1963,57.6,10.9,4.396774193548388,8.032,39.717999999999996
Nov-1963,31.8,3.5,4.653333333333333,5.024,85.525
Dec-1963,34.1,2.6,4.312903225806452,4.918,63.94499999999999
Jan-1964,28.1,4.2,4.729032258064515,0.8410000000000001,140.915
Feb-1964,38.6,9.4,4.562068965517242,0.929,43.742999999999995
Mar-1964,49.2,6.9,4.938709677419355,1.146,77.98299999999998
Apr-1964,37.8,11,5.073333333333334,0.9300000000000002,52.996
May-1964,57.2,15,4.59032258064516,2.123,16.865000000000002
Jun-1964,57.1,22.1,3.806666666666666,3.069,0.418
Jul-1964,66.5,23.3,3.625806451612904,4.122,0
Aug-1964,66.3,24.4,4.167741935483871,5.027,0
Sep-1964,58,24.6,4.733333333333334,7.13,2.455
Oct-1964,62,17.8,4.380645161290322,4.476999999999999,9.547
Nov-1964,36.8,-2.6,4.246666666666666,3.7159999999999997,58.016000000000005
Dec-1964,29.2,-27.9,4.848387096774195,0.67,71.006
Jan-1965,38.5,4.4,4.248387096774193,0.946,81.071
Feb-1965,42.7,3.7,4.589285714285715,0.854,96.17999999999998
Mar-1965,44.9,-4,4.54516129032258,0.359,17.567
Apr-1965,50.4,14.3,4.36,3.710000000000001,21.328999999999997
May-1965,52.5,14.7,4.606451612903226,2.2230000000000003,17.412
Jun-1965,61.3,21.9,4.15,0.667,0.168
Jul-1965,79.6,28,4.3741935483870975,1.381,0
Aug-1965,76.6,26,3.9290322580645154,5.181,0.084
Sep-1965,61.5,21.8,4.7700000000000005,2.004,0.056
Oct-1965,59.3,20.4,4.616129032258065,11.223999999999998,8.987
Nov-1965,45.6,0.9,4.526666666666666,7.120999999999996,37.585
Dec-1965,33.1,-1.5,4.261290322580645,2.086,104.76400000000001
Jan-1966,32,-2.7,4.335483870967742,0.7490000000000001,104.86799999999997
Feb-1966,34.9,3,4.521428571428572,0.30400000000000005,49.033
Mar-1966,48.4,0.2,4.577419354838709,1.499,60.572999999999986
Apr-1966,50.8,11.7,4.62,1.5590000000000002,27.490000000000002
May-1966,63.5,18,4.306451612903226,1.6710000000000003,12.168999999999999
Jun-1966,60.6,21.6,4.1066666666666665,4.6240000000000006,0.691
Jul-1966,61.1,25.2,3.9677419354838714,3.205,0
Aug-1966,76.9,28.6,4.68709677419355,3.3679999999999994,0
Sep-1966,69.6,28.7,4.233333333333334,4.081,0
Oct-1966,61.1,14.8,4.5774193548387085,6.430999999999999,26.03
Nov-1966,45.4,3.5,4.66,5.383,60.88
Dec-1966,30.2,-2.2,4.451612903225805,6.82,78.059
Jan-1967,29.6,4.1,4.6000000000000005,2.579,133.72100000000003
Feb-1967,36.8,7.2,4.714285714285714,1.082,70.99099999999999
Mar-1967,31.5,3.6,4.899999999999999,0.8810000000000001,78.288
Apr-1967,37,10.6,4.33,0.856,23.224
May-1967,56.8,19.1,4.164516129032258,2.1200000000000006,5.5
Jun-1967,68,24.2,3.4766666666666666,1.7080000000000002,0
Jul-1967,68,24.1,4.148387096774194,1.5810000000000002,0
Aug-1967,76.1,31.5,4.300000000000001,0.9400000000000001,0
Sep-1967,71.2,24.9,4.450000000000001,5.519000000000001,0
Oct-1967,54.8,12.5,4.841935483870968,11.900999999999998,38.187000000000005
Nov-1967,44.1,-3.8,4.616666666666665,4.004,37.056
Dec-1967,31.4,-5.5,4.6,4.176,91.65
Jan-1968,38,-10.6,4.8677419354838705,4.5619999999999985,91.55700000000002
Feb-1968,47.5,4.9,4.500000000000001,4.444999999999999,47.742000000000004
Mar-1968,45,11.8,4.55483870967742,2.258,63.998
Apr-1968,50.6,9.6,5.213333333333334,1.2080000000000002,45.422999999999995
May-1968,59.1,17.4,4.158064516129032,3.2430000000000003,6.98
Jun-1968,58.6,22.3,3.7633333333333336,5.474,1.133
Jul-1968,71.3,26.8,4.2870967741935475,2.2300000000000004,0
Aug-1968,68.3,29.8,4.235483870967743,6.603,0
Sep-1968,65.6,22.5,4.34,6.987999999999999,0.165
Oct-1968,54.6,14.3,4.65483870967742,4.921000000000001,38.383
Nov-1968,34.2,-1,4.739999999999999,4.4959999999999996,64.675
Dec-1968,26.5,-31.7,5.167741935483869,0.24000000000000005,110.35900000000001
Jan-1969,30.6,-16.7,4.796774193548386,2.628,76.608
Feb-1969,35.1,3.1,4.325,0.12000000000000001,53.248
Mar-1969,48.9,8.9,4.451612903225806,0.894,39.072
Apr-1969,44.9,13.4,4.913333333333333,2.318,36.78399999999999
May-1969,64.5,17,4.187096774193548,2.8289999999999997,2.021
Jun-1969,71.7,26.4,3.5533333333333346,2.505000000000001,0
Jul-1969,66.2,26.5,5.00967741935484,3.686,0
Aug-1969,68.2,28.7,5.048387096774194,2.9250000000000007,0
Sep-1969,68.3,25.6,4.286666666666666,10.017999999999997,0.221
Oct-1969,55.8,16.3,4.270967741935485,4.43,6.076000000000001
Nov-1969,51.8,7.8,4.476666666666666,2.5770000000000004,25.984
Dec-1969,31.6,3.6,4.34516129032258,0.9460000000000001,62.78900000000001
Jan-1970,29.6,-5.9,4.935483870967742,1.592,82.12700000000002
Feb-1970,41.6,7.1,4.232142857142858,0.706,33.537
Mar-1970,41.4,3.7,4.819354838709678,0.8450000000000001,39.90200000000001
Apr-1970,36.2,10.1,5.083333333333332,1.5750000000000004,68.54799999999999
May-1970,58.7,18.8,4.377419354838709,1.594,4.693999999999999
Jun-1970,70,22.1,4.003333333333334,1.826,0.22300000000000003
Jul-1970,75,27.8,4.867741935483872,2.301,0
Aug-1970,72.6,31.2,4.790322580645162,1.7340000000000004,0
Sep-1970,65.3,19.3,4.783333333333333,7.997999999999999,0.112
Oct-1970,66.6,1.7,4.361290322580645,3.4340000000000006,27.532999999999998
Nov-1970,41.5,-13.7,5.166666666666666,3.621,60.197
Dec-1970,27.2,-6.7,4.625806451612902,0.554,103.051
Jan-1971,31.7,-6.5,4.629032258064516,4.536000000000001,104.95200000000001
Feb-1971,36.3,0.3,4.703571428571428,3.029,67.107
Mar-1971,37.7,-5.3,4.95483870967742,0.875,104.825
Apr-1971,49.7,11.5,5.1066666666666665,0.9920000000000002,27.671000000000003
May-1971,59.9,18.7,4.387096774193548,2.083,11.008
Jun-1971,60.2,22,3.783333333333333,4.1930000000000005,2.904
Jul-1971,75,21.5,3.5838709677419347,1.464,1.078
Aug-1971,73.1,31.6,4.796774193548386,1.4220000000000002,0
Sep-1971,59.8,19.1,4.67,5.430000000000001,5.573
Oct-1971,64.1,-3,4.361290322580645,3.7319999999999998,38.38700000000001
Nov-1971,30.4,4.3,4.203333333333333,2.9440000000000004,61.159
Dec-1971,25,-4.9,4.422580645161289,0.036000000000000004,97.459
Jan-1972,27.8,-14.5,5.3354838709677415,0.09200000000000001,126.67399999999999
Feb-1972,34.6,-7.2,4.575862068965517,1.7990000000000002,123.93299999999999
Mar-1972,42.3,7.8,4.525806451612903,7.195000000000001,47.688
Apr-1972,45.4,10.6,5.243333333333335,2.2650000000000006,47.09799999999999
May-1972,63.7,16.4,4.338709677419355,3.478,1.8030000000000002
Jun-1972,62,21.1,3.8233333333333337,3.4310000000000005,0.91
Jul-1972,65.4,24.4,3.9967741935483883,3.2110000000000003,0.524
Aug-1972,75.6,30.1,4.12258064516129,2.686,0
Sep-1972,66.3,9.3,4.376666666666667,4.9639999999999995,17.12
Oct-1972,58,-2.5,4.2870967741935475,1.2060000000000002,8.853
Nov-1972,32.9,7.1,4.393333333333333,2.928000000000001,23.343000000000004
Dec-1972,30.8,-19.2,4.909677419354838,6.199,100.023
Jan-1973,31.2,-18.1,5.341935483870968,1.6030000000000002,67.12599999999999
Feb-1973,41.5,0.8,4.042857142857144,1.3410000000000002,28.883000000000003
Mar-1973,41.7,13.4,4.04516129032258,0.544,44.534
Apr-1973,46.4,13.4,4.563333333333333,1.2250000000000003,20.019999999999996
May-1973,66.2,17,4.5838709677419365,3.225,12.309
Jun-1973,70.8,22.5,4.370000000000001,5.155,3.205
Jul-1973,69.1,24.3,4.641935483870968,1.984,0
Aug-1973,74.6,27.9,4.909677419354838,1.886,0.138
Sep-1973,73.6,26.6,4.413333333333332,3.7830000000000004,0.055
Oct-1973,48.9,15.2,4.4,7.472999999999999,25.237000000000002
Nov-1973,33.1,-0.6,4.6866666666666665,3.2750000000000004,83.556
Dec-1973,29.4,-1,4.435483870967741,3.093,81.54299999999998
Jan-1974,30.6,-12.2,5.193548387096775,4.816999999999999,125.28599999999999
Feb-1974,35.6,11.1,4.396428571428571,0.07200000000000001,80.41500000000002
Mar-1974,34,0.9,5.1032258064516105,3.8680000000000008,62.93800000000002
Apr-1974,45.4,13.9,4.416666666666667,2.1980000000000004,35.118
May-1974,46.7,15.2,4.467741935483871,4.398,20.792999999999996
Jun-1974,61.5,23.3,3.953333333333333,2.4570000000000003,8.988
Jul-1974,67.9,22.2,3.6032258064516127,3.2350000000000008,0
Aug-1974,71.2,29.7,4.196774193548387,1.1199999999999999,0
Sep-1974,69.3,25.8,4.373333333333333,2.2010000000000005,0
Oct-1974,59.5,19.6,3.8967741935483873,2.878000000000001,1.522
Nov-1974,42.2,14.8,4.203333333333333,4.007000000000001,68.74799999999999
Dec-1974,30.5,3.2,4.593548387096774,1.907,86.021
Jan-1975,32.8,-10.3,4.625806451612903,1.9330000000000003,67.00899999999999
Feb-1975,34.1,1.2,4.671428571428572,0.553,61.108999999999995
Mar-1975,35,2.2,5.0354838709677425,0.7300000000000001,45.326
Apr-1975,38.6,9.3,4.473333333333334,0.476,25.406999999999993
May-1975,59,17.2,4.6580645161290315,2.556,14.402
Jun-1975,62.1,21.3,4.256666666666666,2.505000000000001,0.5010000000000001
Jul-1975,73.9,28.1,4.0935483870967735,2.1120000000000005,0
Aug-1975,64.9,29.2,4.267741935483872,5.771999999999999,2.701
Sep-1975,68.1,29.2,4.323333333333334,0.646,0
Oct-1975,63.9,9.4,4.33225806451613,9.971,49.502
Nov-1975,39.2,-8.9,5.176666666666666,5.145,82.36799999999998
Dec-1975,30.7,1.4,4.722580645161291,8.132,66.331
Jan-1976,38.8,5.8,4.351612903225806,1.6400000000000001,83.25700000000002
Feb-1976,37.8,0.1,5.524137931034485,0.12400000000000001,103.77700000000002
Mar-1976,35.3,-6,4.829032258064516,0.514,60.57399999999999
Apr-1976,52.7,12.2,4.9399999999999995,0.782,24.173000000000002
May-1976,56.5,20.1,4.490322580645161,4.168,12.475000000000001
Jun-1976,60.1,19.7,3.9533333333333336,3.0960000000000005,3.924
Jul-1976,62,22.5,3.7354838709677414,1.889,0
Aug-1976,65.8,29.7,3.8322580645161293,6.313999999999998,0
Sep-1976,65.2,25.8,4.286666666666666,2.4050000000000002,0.224
Oct-1976,63.7,20.2,4.193548387096776,3.8680000000000003,7.942
Nov-1976,46.3,-0.7,4.33,2.407,10.017
Dec-1976,37,8.7,4.487096774193549,3.06,48.663
Jan-1977,35.7,-4.4,3.8774193548387097,1.679,14.762999999999998
Feb-1977,45.4,11.8,4.332142857142856,2.144,35.267
Mar-1977,34.8,8.7,5.129032258064516,0.22,73.38400000000001
Apr-1977,62.5,13.7,4.316666666666666,1.3780000000000001,23.722
May-1977,53.1,15.3,4.5032258064516135,4.528,12.532
Jun-1977,66.4,22.4,5.496666666666667,2.091,1.411
Jul-1977,70.8,27.8,4.8999999999999995,3.322,0
Aug-1977,77.7,32.7,4.9548387096774205,4.275,0.084
Sep-1977,61.3,24.3,4.103333333333334,6.043999999999998,0.6679999999999999
Oct-1977,53,18.8,4.335483870967742,4.546,17.538999999999998
Nov-1977,32.9,-12.6,4.99,4.252,78.86800000000001
Dec-1977,30.1,-2.9,5.10967741935484,4.176,83.12100000000001
Jan-1978,31.3,-6.5,4.187096774193548,1.306,45.644
Feb-1978,41.6,4.6,3.9464285714285707,0.94,29.191
Mar-1978,44.2,6.3,4.083870967741936,3.1470000000000007,26.613
Apr-1978,47.1,16.4,4.576666666666668,1.9210000000000003,18.949
May-1978,58.6,17,4.570967741935483,4.274,13.994
Jun-1978,67.4,25.4,4.836666666666667,3.5220000000000002,0.166
Jul-1978,73,32.9,4.961290322580646,2.0980000000000003,0
Aug-1978,78.8,30.9,4.596774193548388,7.127000000000001,0
Sep-1978,64.3,26.9,4.290000000000001,9.042000000000002,4.552
Oct-1978,60.7,9.4,4.080645161290323,2.4450000000000003,6.4830000000000005
Nov-1978,43.4,-4.6,4.653333333333333,2.9730000000000003,29.876999999999995
Dec-1978,25.1,-27.4,4.751612903225806,0.096,63.343
Jan-1979,27.6,-21.9,4.290322580645162,0.072,23.206000000000003
Feb-1979,27.9,-6.4,4.578571428571428,0.268,104.05999999999999
Mar-1979,45.8,11,4.516129032258065,3.2600000000000007,17.028
Apr-1979,54.3,11.3,4.053333333333334,0.8760000000000001,27.964000000000002
May-1979,61.3,20.1,4.267741935483871,2.293,3.894
Jun-1979,67.2,20.5,4.536666666666666,3.0460000000000003,0.9950000000000001
Jul-1979,73.4,26.3,4.758064516129032,1.982,0.331
Aug-1979,69.9,34.6,4.196774193548386,3.2010000000000005,0
Sep-1979,69.7,30.3,4.283333333333334,4.683,0
Oct-1979,63,11,3.9290322580645154,5.224999999999999,19.852
Nov-1979,42.4,-4.6,4.390000000000001,0.997,18.45
Dec-1979,30.6,7.3,4.970967741935483,6.494999999999999,103.53200000000005
Jan-1980,32.3,-19,4.625806451612903,0.068,45.36800000000001
Feb-1980,38.1,3,4.389655172413793,4.744,34.806
Mar-1980,37.9,10.1,4.787096774193548,0.25600000000000006,57.05999999999999
Apr-1980,54.5,15,4.236666666666666,3.6960000000000006,21.608999999999998
May-1980,61.1,18.8,4.09032258064516,4.477,3.8750000000000004
Jun-1980,58,24.8,4.326666666666668,5.839000000000001,1.274
Jul-1980,73.4,31.6,4.854838709677418,2.6990000000000007,0
Aug-1980,69.4,28.5,4.690322580645161,3.2239999999999998,0
Sep-1980,64.3,29.5,4.540000000000001,6.296,0.966
Oct-1980,66.9,18.3,4.170967741935484,2.222,1.658
Nov-1980,48.9,2.1,4.203333333333332,8.655,50.152
Dec-1980,34.4,-6.6,4.225806451612903,8.700999999999999,46.211999999999996
Jan-1981,35.7,11.6,4.306451612903226,1.232,8.914
Feb-1981,40.4,-7.1,4.164285714285715,3.795,53.011
Mar-1981,44.7,10.1,4.441935483870967,0.827,29.069
Apr-1981,50.4,12,4.930000000000001,3.7110000000000003,43.431
May-1981,60.4,19.7,3.980645161290322,3.5440000000000005,7.422000000000001
Jun-1981,60.8,26,4.616666666666665,10.193,2.4869999999999997
Jul-1981,67,28.1,4.267741935483871,3.837,0.69
Aug-1981,78.6,33.5,4.558064516129032,1.679,0
Sep-1981,73.7,24.9,4.2299999999999995,5.228999999999999,0.6110000000000001
Oct-1981,52.6,16.1,4.051612903225807,8.348,10.963000000000001
Nov-1981,50.3,8.6,4.2,2.519,49.129000000000005
Dec-1981,27.6,-0.1,4.499999999999999,1.232,73.65800000000002
Jan-1982,28.7,-13,4.638709677419355,0.37200000000000005,110.97
Feb-1982,32.4,-4.9,4.5,4.137999999999999,81.16500000000002
Mar-1982,38.4,8.1,4.438709677419355,0.6930000000000002,40.189
Apr-1982,50.7,11.9,5.113333333333334,0.8920000000000001,39.77299999999999
May-1982,55.7,16.9,4.2451612903225815,1.5880000000000003,8.718
Jun-1982,73.6,25.1,4.296666666666667,3.3509999999999995,0
Jul-1982,75.8,29.5,4.309677419354839,5.478,0.30500000000000005
Aug-1982,75.7,30.1,4.0354838709677425,4.132000000000001,0
Sep-1982,69.6,26.9,4.346666666666666,4.63,0.608
Oct-1982,61.9,9.2,4.1645161290322585,5.002,19.833
Nov-1982,35,-5.9,4.206666666666667,0.7160000000000002,49.04899999999999
Dec-1982,32.5,1.2,4.580645161290322,1.808,63.530000000000015
Jan-1983,33.7,5.3,4.606451612903225,1.7790000000000001,83.75000000000001
Feb-1983,37.1,8.3,4.317857142857142,2.2570000000000006,63.936
Mar-1983,39.3,15.5,4.316129032258065,3.172,41.508
Apr-1983,51.3,12.5,3.8299999999999996,0.853,19.967
May-1983,80.7,19.5,4.219354838709677,1.372,4.5969999999999995
Jun-1983,61.7,29.6,4.760000000000001,7.907000000000001,0.111
Jul-1983,73.5,32.1,4.14516129032258,9.864000000000003,0
Aug-1983,74.7,34.9,4.390322580645161,3.1540000000000004,0
Sep-1983,59.3,22.4,4.756666666666667,4.844999999999999,0.28
Oct-1983,50.2,20.3,3.9483870967741925,4.169,2.459
Nov-1983,40.7,0.8,4.3533333333333335,5.772,77.27500000000003
Dec-1983,26,-24.4,4.3741935483870975,0.244,40.108999999999995
Jan-1984,38.2,-8.6,4.348387096774194,4.973999999999998,45.219
Feb-1984,39.6,5.2,4.189655172413793,0.867,48.084999999999994
Mar-1984,44.9,12.9,3.754838709677419,1.6030000000000004,35.03399999999999
Apr-1984,43.1,16.4,4.7266666666666675,1.2690000000000003,36.550999999999995
May-1984,57.8,17.7,4.529032258064516,6.600999999999999,30.132
Jun-1984,58.1,24.3,4.343333333333334,4.393000000000001,2.3179999999999996
Jul-1984,74.1,30.6,4.948387096774193,1.2870000000000001,0
Aug-1984,71.2,30.6,4.8677419354838705,2.8909999999999996,0
Sep-1984,60,22.1,4.663333333333332,4.228,0.44500000000000006
Oct-1984,60.2,-14.6,4.283870967741936,5.120999999999999,28.398999999999997
Nov-1984,31.2,5.8,4.383333333333334,0.9189999999999999,99.06900000000003
Dec-1984,25.6,-12.2,4.238709677419356,0.04000000000000001,63.975999999999985
Jan-1985,35.7,-3.5,3.7580645161290316,0.34900000000000003,4.55
Feb-1985,31.4,-8.5,4.435714285714285,0.236,49.27299999999999
Mar-1985,43.8,6.5,4.374193548387097,0.34400000000000003,37.268
Apr-1985,52,15.5,4.656666666666667,2.6670000000000003,40.788999999999994
May-1985,59.1,17.8,3.8387096774193554,2.3700000000000006,9.822
Jun-1985,71.3,27.6,5.1866666666666665,5.579999999999999,0.224
Jul-1985,78.6,31.7,5.2709677419354835,0.647,0
Aug-1985,68.5,32,4.983870967741934,2.4099999999999997,0
Sep-1985,60.2,24.5,4.376666666666667,4.090000000000001,0.139
Oct-1985,52.6,13.4,4.790322580645161,9.794999999999998,51.641
Nov-1985,31,-16.6,4.6433333333333335,2.091,32.72
Dec-1985,32.2,-17.6,4.016129032258065,0.32100000000000006,15.885
Jan-1986,35,4.7,4.745161290322581,3.048,68.70200000000001
Feb-1986,41.5,-11.4,4.6000000000000005,5.05,38.558
Mar-1986,48.3,13.1,4.393548387096774,4.043,33.353
Apr-1986,54.5,11.9,4.373333333333334,2.1400000000000006,27.816
May-1986,72.7,18.8,4.283870967741937,3.9190000000000005,15.886
Jun-1986,67.8,27.2,4.760000000000001,3.4970000000000003,0
Jul-1986,64.6,29.8,4.541935483870968,4.9719999999999995,0.193
Aug-1986,79.7,35,4.690322580645161,0.42300000000000004,0
Sep-1986,65.6,23,4.1433333333333335,4.508,0.41600000000000004
Oct-1986,58.2,22.7,3.661290322580645,4.534,0.333
Nov-1986,41.4,-3.4,4.563333333333333,3.552,76.19599999999998
Dec-1986,30,4,4.33225806451613,0.9780000000000001,48.33099999999999
Jan-1987,32.7,-3.1,4.132258064516129,0.8160000000000001,63.848000000000006
Feb-1987,40.4,7.1,4.325,0.467,33.75599999999999
Mar-1987,48,12.6,3.9290322580645163,4.672,32.261
Apr-1987,63.7,17.1,4.3966666666666665,4.716,26.645
May-1987,68.3,18.8,4.558064516129032,6.646999999999999,5.607000000000001
Jun-1987,75.4,24.3,4.87,2.425,1.048
Jul-1987,67.2,31.7,4.696774193548387,4.892000000000001,0
Aug-1987,75.3,31.2,4.806451612903225,0.78,0
Sep-1987,70.1,27.7,3.890000000000001,2.148,0.112
Oct-1987,69.4,24,3.8000000000000003,1.37,0
Nov-1987,49.8,-1.2,4.22,2.5700000000000003,33.17
Dec-1987,27,-0.1,4.1741935483870956,0.9720000000000001,71.947
Jan-1988,33.7,-6.1,4.4064516129032265,0.7730000000000001,56.65399999999999
Feb-1988,45.2,-12.8,4.30344827586207,0.444,38.02899999999999
Mar-1988,43.8,10.8,4.8032258064516125,0.7920000000000003,81.524
Apr-1988,53.9,12.8,4.079999999999999,2.007,59.489000000000004
May-1988,63.1,18.6,4.280645161290323,5.435,7.048999999999999
Jun-1988,66.9,23.5,5,3.8230000000000004,0.636
Jul-1988,72.9,30.3,5.041935483870966,4.054,0.41500000000000004
Aug-1988,73.7,31.9,4.8258064516129044,1.7730000000000001,0
Sep-1988,82.6,22.7,4.6933333333333325,5.276999999999999,2.208
Oct-1988,66.5,20.7,3.8870967741935476,6.251999999999999,1.023
Nov-1988,36.5,8.9,4.343333333333333,3.909,78.00699999999999
Dec-1988,31.8,3.9,4.2870967741935475,1.5460000000000003,44.263000000000005
Jan-1989,34.1,-2.3,4.506451612903225,0.9249999999999999,83.621
Feb-1989,33.2,-21.9,4.275,0.11600000000000002,21.72
Mar-1989,39.8,-8.4,4.641935483870967,1.6980000000000002,65.604
Apr-1989,54.2,14,4.39,2.221,20.818
May-1989,52.5,18,4.438709677419354,3.7280000000000006,17.378
Jun-1989,65.4,27,5.423333333333334,4.147,0.056
Jul-1989,71.7,29.3,4.6,3.4060000000000006,0
Aug-1989,69.5,33.6,4.177419354838709,4.5569999999999995,0
Sep-1989,67.4,27,4.396666666666666,1.734,0
Oct-1989,54,8.4,4.216129032258064,6.336999999999998,10.902
Nov-1989,38.3,10.5,4.01,9.177,45.82600000000001
Dec-1989,35.8,5,3.8096774193548386,4.416999999999999,23.277
Jan-1990,28.6,8.2,4.761290322580643,0.7920000000000003,116.13600000000001
Feb-1990,43.8,-7.6,4.582142857142857,0.508,83.306
Mar-1990,44.8,11.1,3.929032258064516,0.863,34.983000000000004
Apr-1990,53.6,13.8,3.8466666666666667,2.6470000000000002,11.788
May-1990,62.7,18.7,4.370967741935485,5.2669999999999995,6.2669999999999995
Jun-1990,71.1,26.2,4.803333333333333,7.517999999999999,2.431
Jul-1990,79.1,28.7,4.738709677419355,2.4170000000000007,0
Aug-1990,76.7,29.6,4.199999999999999,5.9319999999999995,0
Sep-1990,69.2,30.1,3.8266666666666667,1.7810000000000001,0
Oct-1990,39.7,14.5,4.396774193548387,8.793999999999999,45.57699999999999
Nov-1990,36.2,11.5,4.87,10.469999999999999,84.914
Dec-1990,32.7,-25.4,4.854838709677419,0.276,91.961
Jan-1991,31.7,-6.6,4.025806451612903,1.533,49.46000000000001
Feb-1991,43,15.7,4.203571428571428,6.166999999999998,32.07
Mar-1991,48.1,5.3,4.419354838709677,0.314,53.50299999999999
Apr-1991,50.3,12.5,4.396666666666666,1.2680000000000002,57.898999999999994
May-1991,48.5,19.6,4.274193548387097,4.463,3.9579999999999997
Jun-1991,57.8,23,4.396666666666666,5.648000000000001,0.722
Jul-1991,76.4,34.4,5.019354838709678,2.362,0
Aug-1991,69.2,34.1,4.6580645161290315,6.3309999999999995,0
Sep-1991,69.9,28.3,4.31,1.076,0
Oct-1991,66.8,-3.1,4.525806451612904,1.0290000000000001,11.277000000000001
Nov-1991,35.8,2.6,4.1899999999999995,5.148999999999998,59.409
Dec-1991,31,4.9,4.3354838709677415,0.9990000000000001,57.659000000000006
Jan-1992,31.3,3.3,4.296774193548386,4.46,89.30999999999999
Feb-1992,49.4,11.6,3.8310344827586205,0.767,29.632
Mar-1992,49.5,14.8,3.400000000000001,1.131,2.9
Apr-1992,55.3,10.7,4.786666666666666,5.949000000000001,18.793
May-1992,67.7,15.2,4.751612903225807,1.9640000000000004,4.801
Jun-1992,74.9,28.7,4.760000000000001,3.4910000000000005,2.094
Jul-1992,72.8,34.3,4.503225806451612,4.903,0
Aug-1992,75.4,32.7,4.5774193548387085,3.5700000000000003,0
Sep-1992,65.6,23.4,4.686666666666667,5.51,1.302
Oct-1992,62.1,17.8,4.403225806451613,3.983,2.436
Nov-1992,41,-1.9,3.9566666666666666,2.6660000000000004,51.195
Dec-1992,26.1,-6.5,4.690322580645161,0.28700000000000003,56.361000000000004
Jan-1993,41,-10.9,4.593548387096774,0.93,40.827999999999996
Feb-1993,38.1,-5.5,4.478571428571429,0.172,2.9650000000000003
Mar-1993,40.9,12.6,4.403225806451613,2.8800000000000003,38.071000000000005
Apr-1993,42.8,16.6,4.316666666666666,3.8290000000000006,22.343
May-1993,70.7,20.9,4.403225806451613,5.453999999999999,5.248
Jun-1993,60.9,27.6,4.6833333333333345,6.955999999999999,0.887
Jul-1993,57.9,33.1,4.183870967741935,5.6339999999999995,0
Aug-1993,70.3,30.9,4.438709677419355,3.005000000000001,0
Sep-1993,70.1,25.3,3.993333333333334,1.076,0.14
Oct-1993,65.8,23.4,3.9903225806451603,5.048999999999999,1.494
Nov-1993,36.5,-11.8,4.433333333333334,1,41.815
Dec-1993,31.1,6.6,4.258064516129032,1.6070000000000002,59.102
Jan-1994,36.9,12.3,4.0935483870967735,2.9410000000000007,47.041
Feb-1994,30.9,-4,4.653571428571429,1.516,71.382
Mar-1994,50.4,6.3,4.341935483870968,2.782,46.642
Apr-1994,52,18.2,4.116666666666668,2.1560000000000006,14.383999999999997
May-1994,59.3,17,4.5838709677419365,3.1880000000000006,4.992999999999999
Jun-1994,64,24.7,4.323333333333334,5.802,1.19
Jul-1994,76.9,27.4,5.012903225806451,1.663,0
Aug-1994,73.6,33.8,4.390322580645161,2.475,0
Sep-1994,67.8,29.7,4.14,3.8900000000000006,0
Oct-1994,54.3,20.2,4.238709677419355,4.858,32.503
Nov-1994,30,2.2,4.609999999999999,0.915,83.976
Dec-1994,29.5,-7,4.806451612903227,3.419,89.374
Jan-1995,30.7,-3.9,4.6645161290322585,4.117,38.157999999999994
Feb-1995,45.6,-1,4.707142857142857,4.229,39.179
Mar-1995,45.9,2.7,4.116129032258065,2.305,37.595
Apr-1995,46,15.2,4.366666666666666,1.095,19.68
May-1995,58.1,18.8,4.716129032258065,1.068,0.9430000000000001
Jun-1995,70.1,27.7,4.646666666666666,4.074999999999999,1.8210000000000002
Jul-1995,71.1,31.6,4.896774193548388,4.011,0
Aug-1995,64.3,29.9,4.258064516129032,4.733999999999999,0
Sep-1995,72.1,33.3,3.946666666666666,2.928,0
Oct-1995,53.2,4.6,4.270967741935484,7.641999999999999,15.73
Nov-1995,36.5,3.5,4.793333333333333,15.668999999999997,56.971
Dec-1995,30.6,-5.5,4.861290322580646,2.986,64.53299999999999
Jan-1996,33.9,-16.2,4.461290322580645,3.0850000000000004,71.882
Feb-1996,46.6,-11.5,4.73448275862069,3.533,51.02400000000001
Mar-1996,43.1,4.1,4.696774193548386,1.885,27.056
Apr-1996,50.7,15.8,4.633333333333332,4.7829999999999995,36.225
May-1996,48.8,17,4.2,4.601999999999999,13.73
Jun-1996,60,23.6,4.686666666666666,3.6270000000000002,0.168
Jul-1996,76.1,30.1,4.793548387096774,2.3270000000000004,0.138
Aug-1996,80,31.5,4.470967741935484,3.107,0
Sep-1996,68,20.6,3.93,5.445,1.3599999999999999
Oct-1996,64.9,8.9,4.429032258064516,6.486999999999998,38.20700000000001
Nov-1996,43.3,0.8,4.12,2.373,60.385999999999996
Dec-1996,28.6,-3.7,4.829032258064516,0.7190000000000001,125.37000000000003
Jan-1997,32.6,-8.1,4.20967741935484,5.05,77.26
Feb-1997,40,3.9,3.910714285714287,0.4620000000000001,48.637
Mar-1997,40.9,5,5.116129032258065,4.913,92.191
Apr-1997,48.6,9.1,4.766666666666666,3.9010000000000007,23.288
May-1997,61.1,15.4,4.3516129032258055,5.566,5.241999999999999
Jun-1997,56.7,28.5,4.706666666666666,8.517999999999999,0.111
Jul-1997,68.3,32.4,4.767741935483872,4.532999999999998,0
Aug-1997,72.3,33.7,4.764516129032257,2.7680000000000002,0
Sep-1997,68.5,28.6,4.24,8.51,0.138
Oct-1997,53,17.9,3.9225806451612906,9.221999999999996,16.144
Nov-1997,44.5,11.2,4.67,2.4240000000000004,37.876999999999995
Dec-1997,32.3,8.8,4.5516129032258075,1.352,54.154999999999994
Jan-1998,32.1,-16.3,4.551612903225807,0.7120000000000001,100.59
Feb-1998,35.7,2.5,4.321428571428571,0.7280000000000001,39.216
Mar-1998,45.3,5.2,3.9225806451612897,2.1,34.759
Apr-1998,61.1,15.2,4.123333333333333,1.223,12.673999999999998
May-1998,60.7,16.6,3.8387096774193554,2.12,17.174999999999997
Jun-1998,63.7,26,4.656666666666667,3.5400000000000005,0
Jul-1998,78.8,37.3,4.45483870967742,2.438,0
Aug-1998,76.5,35.4,4.909677419354838,0.552,0
Sep-1998,70.8,31.4,4.359999999999999,1.096,0
Oct-1998,59.1,18.4,3.94516129032258,5.56,5.224
Nov-1998,37.2,11,4.28,4.550999999999999,99.678
Dec-1998,29.6,-15.8,4.583870967741935,3.3289999999999997,112.21600000000004
Jan-1999,29.8,2.9,4.3741935483870975,0.8380000000000001,101.652
Feb-1999,29,6.3,5.160714285714286,0.252,124.289
Mar-1999,51.4,6,4.706451612903226,0.647,58.940000000000005
Apr-1999,52.4,11.3,4.503333333333333,0.6300000000000001,19.127
May-1999,63.3,15.4,4.432258064516129,2.277,21.343
Jun-1999,67.2,20.9,4.12,4.349000000000001,1.301
Jul-1999,65.9,28,4.461290322580645,3.4450000000000003,0.528
Aug-1999,71.4,31.2,4.112903225806452,4.262,0.056
Sep-1999,67.6,22.7,4.430000000000001,2.495,0.998
Oct-1999,55.8,19.7,4.396774193548387,6.571,17.539
Nov-1999,41,8.3,4.75,6.665999999999998,59.27600000000002
Dec-1999,33.6,13.8,4.380645161290322,1.24,93.93399999999997
Jan-2000,33.3,3.9,4.735483870967742,0.024,70.69699999999999
Feb-2000,35.2,5,4.2,0.7220000000000001,36.714
Mar-2000,37.3,7.2,4.335483870967742,0.5680000000000001,52.696999999999996
Apr-2000,50,16.9,4.1899999999999995,2.5360000000000005,27.577999999999996
May-2000,48.1,14.9,4.190322580645161,4.585,15.427
Jun-2000,66.9,24.6,4.646666666666666,5.155,0.834
Jul-2000,70.7,29.8,4.593548387096774,3.4110000000000005,0.028
Aug-2000,67.3,29.3,4.693548387096774,2.688,0
Sep-2000,71,26.2,4.353333333333334,4.566000000000001,0.084
Oct-2000,57.2,20.2,4.009677419354839,5.2189999999999985,4.58
Nov-2000,37.9,0.3,4.233333333333333,0.6120000000000001,30.551000000000002
Dec-2000,34,-7.3,4.354838709677418,0.298,38.666999999999994
Jan-2001,31.5,10.2,4.254838709677419,1.11,37.512
Feb-2001,34.9,-1.2,4.046428571428572,0.07200000000000001,29.687999999999995
Mar-2001,48.4,6.3,4.709677419354839,1.5690000000000002,45.168000000000006
Apr-2001,50.6,14.3,4.91,1.1800000000000002,35.488
May-2001,64.9,17.9,4.390322580645161,1.8820000000000003,21.227999999999998
Jun-2001,57.4,22.9,4.6,5.2780000000000005,5.933
Jul-2001,68.7,32.3,4.893548387096773,2.5550000000000006,0
Aug-2001,71.5,32.7,4.612903225806452,4.664,0
Sep-2001,65.8,27.1,3.946666666666667,2.0820000000000003,0
Oct-2001,54.7,14.6,4.429032258064517,4.499,48.714999999999996
Nov-2001,41.1,12.1,4.536666666666666,6.401,39.318
Dec-2001,28.3,5.5,4.829032258064517,0.11599999999999999,90.58900000000001
Jan-2002,30.5,0.1,4.0612903225806445,4.451999999999999,72.797
Feb-2002,38.2,-2.5,4.635714285714285,2.221,53.24900000000001
Mar-2002,44.2,-1.9,4.9548387096774205,0.132,66.541
Apr-2002,47.5,13,4.773333333333332,3.817,25.908
May-2002,53.6,16.8,4.525806451612905,3.032,15.991999999999999
Jun-2002,68.3,22.6,5.01,5.0200000000000005,1.472
Jul-2002,72.8,28.2,4.693548387096775,2.1230000000000007,0
Aug-2002,71,32.3,4.703225806451612,1.827,0
Sep-2002,63.8,28,4.336666666666667,2.601,0.831
Oct-2002,52.5,13.1,3.735483870967742,0.6200000000000001,1.216
Nov-2002,40.9,13.4,4.260000000000001,4.986000000000001,23.444
Dec-2002,35.5,4.1,4.477419354838708,1.439,67.423
Jan-2003,35.6,12.2,4.348387096774193,5.466,64.773
Feb-2003,39.1,4.1,3.7928571428571436,0.2,26.926
Mar-2003,35.6,8.4,4.82258064516129,4.782,76.26599999999999
Apr-2003,43.3,14.4,4.236666666666667,1.6800000000000002,25.659
May-2003,57.2,15.4,4.267741935483871,2.8280000000000003,7.602
Jun-2003,70.5,28.2,4.736666666666666,3.08,0.332
Jul-2003,75.6,30.3,5.0290322580645155,1.7540000000000002,0
Aug-2003,69.7,33.2,4.706451612903226,1.653,0
Sep-2003,73.1,29.7,4.636666666666667,2.4590000000000005,0.472
Oct-2003,63.5,14.5,4.764516129032257,15.805000000000003,11.536000000000001
Nov-2003,39,-2.3,4.7,1.5070000000000001,87.97799999999998
Dec-2003,30.5,-2.4,4.55483870967742,0.4980000000000001,65.905
Jan-2004,32.2,-14.8,4.335483870967742,2.847,57.192
Feb-2004,37.7,11.4,4.072413793103449,0.328,24.996999999999996
Mar-2004,50.7,15,4.770967741935484,1.5680000000000003,43.06099999999999
Apr-2004,57.4,15.4,4.243333333333333,2.154,3.104
May-2004,53.7,22.6,4.587096774193549,5.681000000000001,1.4969999999999999
Jun-2004,69.8,27.1,4.739999999999999,3.374,0.527
Jul-2004,74.7,34.1,4.790322580645162,1.927,0
Aug-2004,76,36.6,4.425806451612902,6.27,0
Sep-2004,61.2,26.7,4.130000000000001,7.771999999999999,0.361
Oct-2004,58.6,17.1,4.35483870967742,5.009999999999998,17.787
Nov-2004,46.8,12,3.776666666666667,6.385999999999999,31.272
Dec-2004,38.1,9.8,4.322580645161291,4.215999999999999,47.70700000000001
Jan-2005,44,-4.2,4.7935483870967746,6.978999999999999,20.827
Feb-2005,46.7,7.4,4.010714285714285,0.34500000000000003,17.844
Mar-2005,45.7,11.7,4.8096774193548395,1.5930000000000002,43.284000000000006
Apr-2005,57.3,10.7,4.703333333333334,1.7890000000000001,36.046
May-2005,69,24.1,4.419354838709677,5.88,1.2489999999999999
Jun-2005,66.7,24.7,4.320000000000001,4.9110000000000005,0.7489999999999999
Jul-2005,70.4,31.9,4.996774193548387,4.078,0
Aug-2005,69.2,33.9,4.803225806451613,1.638,0
Sep-2005,59,24.3,4.5566666666666675,4.223000000000001,0.028
Oct-2005,51.9,20.9,4.012903225806452,8.203,14.645
Nov-2005,44.8,7.7,4.19,0.62,61.21
Dec-2005,37.7,5,4.241935483870968,4.779999999999999,40.836
Jan-2006,34.1,15.3,4.393548387096774,2.107,139.84500000000003
Feb-2006,38.6,-4.7,5.057142857142857,0.42000000000000004,54.635999999999996
Mar-2006,39.4,6.8,4.803225806451614,0.515,31.233999999999998
Apr-2006,53.9,12.9,4.54,1.4340000000000004,21.663999999999998
May-2006,71.2,16.6,4.632258064516129,3.8539999999999996,5.189000000000001
Jun-2006,74.3,30,4.803333333333332,4.8149999999999995,0
Jul-2006,79.7,34.4,4.796774193548388,2.5660000000000003,0
Aug-2006,70.1,32.4,4.680645161290321,0.7790000000000001,0
Sep-2006,71.6,25.8,3.9099999999999993,2.495,0.388
Oct-2006,57.5,13.5,4.183870967741936,2.667,5.3
Nov-2006,39.5,-12,4.826666666666668,11.805999999999997,102.95300000000003
Dec-2006,31.5,4.5,4.841935483870968,0.28700000000000003,89.537
Jan-2007,32.9,-6.8,4.800000000000001,1.359,73.83400000000002
Feb-2007,40.4,5.9,4.0321428571428575,1.2720000000000002,44.28999999999999
Mar-2007,44.4,6.5,4.816129032258066,6.287,48.90199999999999
Apr-2007,54.7,9.5,4.459999999999999,3.172,24.775
May-2007,60.1,20,5.212903225806451,2.031,3.21
Jun-2007,69.2,26.4,4.386666666666667,5.623999999999999,0.6930000000000001
Jul-2007,75.4,34,4.596774193548388,3.3070000000000004,0
Aug-2007,69.2,32.5,4.106451612903225,2.686,0
Sep-2007,67.2,21.9,4.480000000000001,3.41,2.5650000000000004
Oct-2007,56.4,17.7,3.906451612903226,6.162999999999998,21.927999999999997
Nov-2007,41.6,4.1,4.406666666666666,3.246,36.17699999999999
Dec-2007,31.8,4.4,4.461290322580646,3.84,88.51999999999998
Jan-2008,29,-0.1,4.358064516129031,0.08000000000000002,70.672
Feb-2008,42.7,3.3,4.337931034482758,0.23100000000000004,57.092000000000006
Mar-2008,38,9.3,4.393548387096774,0.8500000000000001,53.17400000000001
Apr-2008,54.4,8.7,4.65,0.8300000000000001,26.501000000000005
May-2008,72.6,17,4.322580645161291,3.3120000000000003,4.402
Jun-2008,73.7,23.5,4.75,2.732,4.64
Jul-2008,73.3,30.5,5.109677419354839,2.791,0
Aug-2008,75.5,31.2,4.354838709677419,8.654,0.028
Sep-2008,68.7,26,3.7599999999999993,1.4260000000000002,0.056
Oct-2008,63.9,19.7,4.2709677419354835,4.269,7.012
Nov-2008,47,13.6,4.383333333333334,5.835999999999999,24.933000000000003
Dec-2008,38.5,-25.5,5.022580645161291,0.519,64.025
Jan-2009,35.8,-5.5,4.574193548387097,1.6600000000000001,56.63899999999998
Feb-2009,39.5,-2.8,3.8750000000000004,0.36000000000000004,23.525
Mar-2009,35.8,-9.6,5.090322580645162,0.92,55.84300000000001
Apr-2009,49.9,9.8,4.840000000000002,1.008,20.697999999999997
May-2009,58.6,18,5.019354838709678,3.5930000000000004,22.994999999999997
Jun-2009,71.5,29.9,4.890000000000001,2.613,0
Jul-2009,79.3,31.7,4.62258064516129,1.766,0
Aug-2009,76,33.9,4.5612903225806445,2.9940000000000007,0
Sep-2009,71.4,25.7,4.363333333333332,4.4350000000000005,1.161
Oct-2009,45.7,12.4,4.467741935483871,8.612,15.030999999999999
Nov-2009,39.1,8.4,4.646666666666667,4.202,113.75800000000001
Dec-2009,31.5,-6.4,4.458064516129033,1.6719999999999997,29.176999999999996
Jan-2010,37,8.9,4.487096774193548,3.2800000000000007,50.479
Feb-2010,37.6,14.4,3.892857142857143,1.06,26.427
Mar-2010,47.9,9.7,4.729032258064516,1.402,48.478
Apr-2010,54.8,3.8,5.71,1.9990000000000006,33.869
May-2010,54.3,16.1,4.909677419354839,4.6259999999999994,18.898000000000003
Jun-2010,53,24.8,4.8999999999999995,5.432999999999999,0.97
Jul-2010,70.8,31.6,5.170967741935483,0.788,0
Aug-2010,72.6,31.2,4.54516129032258,3.189,0.028
Sep-2010,63.2,27.4,4.163333333333334,7.402999999999999,0
Oct-2010,61.7,21.3,3.980645161290322,4.163,9.906
Nov-2010,51.6,-10,4.543333333333333,4.0920000000000005,48.946
Dec-2010,31.4,-6.8,4.883870967741936,2.2680000000000002,73.28
Jan-2011,39.2,-0.4,4.241935483870968,4.928,61.62
Feb-2011,33.2,-10,4.946428571428571,0.684,55.87799999999999
Mar-2011,36.3,4.6,4.906451612903225,1.476,85.69399999999999
Apr-2011,38.6,13.3,4.96,0.652,58.260999999999996
May-2011,50.1,16.1,4.361290322580645,4.23,16.473
Jun-2011,56.6,27.8,4.746666666666667,4.091,0.469
Jul-2011,64.7,30.4,4.6580645161290315,3.1300000000000003,0
Aug-2011,68.8,30.6,4.867741935483871,0.886,0
Sep-2011,73.7,29.5,4.533333333333333,3.639,0.111
Oct-2011,52.6,19.3,3.8290322580645153,6.286999999999999,7.761
Nov-2011,35.1,-2.1,4.676666666666667,1.532,85.385
Dec-2011,35.7,3.6,4.270967741935485,1.0870000000000002,41.16
Jan-2012,29.9,-3.8,5.0677419354838715,1.0820000000000003,99.457
Feb-2012,35.5,-2.2,4.413793103448276,0.48000000000000004,52.837
Mar-2012,47.5,7.2,4.919354838709678,0.4720000000000001,101.72100000000003
Apr-2012,52.7,15.4,4.5233333333333325,3.68,20.726999999999997
May-2012,62.1,17.6,4.783870967741935,3.4370000000000003,7.729999999999999
Jun-2012,58,25,4.786666666666666,7.159999999999999,0.557
Jul-2012,70.9,29.9,4.4387096774193555,4.031000000000001,0.442
Aug-2012,73.7,33.5,4.541935483870968,0.8310000000000001,0
Sep-2012,70.5,27.7,4.126666666666666,0.78,0
Oct-2012,57.7,13.6,4.390322580645161,11.011999999999999,15.498000000000003
Nov-2012,41.1,5.6,4.416666666666667,4.432,60.259000000000015
Dec-2012,27.8,5.3,4.199999999999999,0.264,93.01799999999999
Jan-2013,34.8,-2.5,4.0612903225806445,0.208,59.68299999999999
Feb-2013,40.9,8.8,4.1071428571428585,0.267,47.086999999999996
Mar-2013,53.9,2.9,4.429032258064516,3.151,51.65599999999999
Apr-2013,45.3,11.8,5.316666666666666,3.0860000000000003,36.55
May-2013,63.9,15.2,4.503225806451613,7.301,2.404
Jun-2013,73.9,28,4.796666666666667,4.804,1.185
Jul-2013,75.9,33.3,5.361290322580646,0.6020000000000001,0
Aug-2013,71,35.8,4.3,4.5840000000000005,0
Sep-2013,73.5,26.8,4.1466666666666665,9.84,6.79
Oct-2013,55.7,19.7,3.7806451612903227,1.8370000000000004,8.908999999999999
Nov-2013,39.5,-3.8,4.22,2.847000000000001,46.597
Dec-2013,32.1,-9.5,4.387096774193548,1.0740000000000003,30.212999999999997
Jan-2014,43.5,2.5,4.393548387096775,0.9690000000000002,59.815999999999995
Feb-2014,40.4,-11.9,5.507142857142855,0.10400000000000001,79.60600000000001
Mar-2014,43.4,8,4.367741935483872,3.101000000000001,85.959
Apr-2014,59.6,16.7,5.033333333333333,2.524,33.519000000000005
May-2014,63,23.1,4.690322580645161,5.845000000000001,4.885999999999999
Jun-2014,61.1,29.1,5.093333333333334,5.311,0
Jul-2014,77.2,35.4,4.951612903225805,2.802,0
Aug-2014,79.8,38.3,4.509677419354839,2.0740000000000003,0
Sep-2014,68.2,29.2,4.193333333333334,4.061999999999999,0
Oct-2014,56.8,23.3,4.419354838709677,11.146999999999998,5.4159999999999995
Nov-2014,40.6,-2.4,4.8566666666666665,8.956,35.505
Dec-2014,32.3,-6.1,4.664516129032258,4.642,36.617000000000004
Jan-2015,44,9.5,3.980645161290323,3.183,31.566
Feb-2015,46.9,14.8,4.171428571428571,5.1389999999999985,16.200999999999997
Mar-2015,51.2,15.2,4.835483870967742,5.484000000000001,23.308
Apr-2015,53.3,14.3,4.990000000000001,1.471,23.920999999999996
May-2015,61.7,22.2,4.506451612903225,2.5539999999999994,4.329000000000001
Jun-2015,77.7,30.7,5.563333333333333,1.2260000000000002,0
Jul-2015,76.8,35.6,5.264516129032256,1.5799999999999998,0
Aug-2015,75.9,35.6,5.032258064516129,4.779,0
Sep-2015,69.2,25.8,4.16,5.5520000000000005,0.139
Oct-2015,61.2,26,4.422580645161291,6.545999999999999,1.298
Nov-2015,35.4,2.1,4.736666666666666,5.507,58.636
Dec-2015,32,0.4,4.551612903225806,2.639,95.67699999999996
Jan-2016,33.2,-1.6,4.429032258064516,3.841,51.068999999999996
Feb-2016,47,8,4.424137931034483,3.4850000000000003,48.418000000000006
Mar-2016,50.5,8,4.900000000000001,2.4440000000000004,61.346
Apr-2016,65.8,22.1,4.596666666666666,2.864,6.898
May-2016,61.8,24.8,5.019354838709677,3.4270000000000005,1.9669999999999999
Jun-2016,73.4,25.8,4.7733333333333325,5.3919999999999995,1.4360000000000002
Jul-2016,69.3,35,4.6806451612903235,3.7680000000000002,0
Aug-2016,72.8,35,5.032258064516129,1.428,0
Sep-2016,61.9,26.7,4.373333333333334,4.276000000000001,0.083
Oct-2016,45.1,19.8,4.461290322580646,12.947,7.292
Nov-2016,50.1,8.7,4.63,6.148999999999999,52.75500000000001
Dec-2016,25.6,-11.9,4.9064516129032265,0.008,68.764
Jan-2017,36.6,-13.4,4.616129032258065,1.233,28.258000000000003
Feb-2017,35,-4.5,4.714285714285715,3.1510000000000002,54.451000000000015
Mar-2017,33.7,8.7,4.554838709677419,4.222,97.87499999999999
Apr-2017,46.8,13.4,4.820000000000001,3.5400000000000005,30.651999999999997
May-2017,67.3,19.5,4.941935483870967,3.1559999999999997,6.577999999999999
Jun-2017,73.4,28.5,5.003333333333334,3.883,0
Jul-2017,70.3,33.9,5.503225806451613,0.5720000000000001,0
Aug-2017,78,36.2,5.216129032258064,0.527,0
Sep-2017,80.9,25.8,4.58,2.651,0.30700000000000005
Oct-2017,58.8,20.5,4.670967741935484,7.355,19.141
Nov-2017,33.9,8.4,4.676666666666667,6.718999999999999,78.96699999999998
Dec-2017,34.6,-6.3,4.322580645161289,0.18000000000000002,65.005
Jan-2018,34.8,7.9,4.7290322580645165,2.708,87.813
Feb-2018,30.1,-10,4.771428571428571,1.7730000000000001,51.74199999999999
Mar-2018,42.2,5.3,4.44516129032258,0.6530000000000001,40.265
Apr-2018,61.5,13.9,4.693333333333333,2.8660000000000005,43.431
May-2018,65.1,25.3,4.841935483870968,2.566,0.112
Jun-2018,65.3,25.9,5.166666666666665,4.389,0.47100000000000003
Jul-2018,77.4,31.1,5.090322580645161,2.212,0
Aug-2018,77.9,30.4,4.8516129032258055,1.2670000000000001,0
Sep-2018,64.5,28.1,4.136666666666668,6.723000000000001,0
Oct-2018,56.5,19.8,3.8709677419354844,6.131999999999999,3.511
Nov-2018,40.9,15.4,4.010000000000001,8.845999999999998,29.040999999999997
Dec-2018,29.6,8.5,4.919354838709675,1.572,91.57700000000001
Jan-2019,36.1,9.2,4.725806451612903,1.411,59.83400000000001
Feb-2019,27.3,-7.8,4.939285714285714,0.124,34.733
Mar-2019,53.7,-1.7,4.145161290322581,0.444,14.068999999999999
Apr-2019,46.3,16.7,5.010000000000002,4.358999999999999,21.025
May-2019,60.2,24.3,4.903225806451614,2.966,0
Jun-2019,69.2,26.7,5.233333333333333,3.4510000000000005,0.334
Jul-2019,65.1,31,5.05483870967742,4.271,0
Aug-2019,70.5,34.9,4.558064516129032,1.7280000000000002,0
Sep-2019,69.5,22.2,4.466666666666668,8.216,1.55
Oct-2019,45.9,15.7,4.312903225806452,5.5649999999999995,15.725999999999999
Nov-2019,43.9,7.7,4.430000000000001,2.5149999999999997,9.907
Dec-2019,33.5,3.9,3.735483870967742,2.1160000000000005,72.327
Jan-2020,32.3,-3.6,5.016129032258065,4.466,120.96300000000002
Feb-2020,34.8,5.8,4.165517241379311,1.1720000000000002,58.12700000000001
Mar-2020,37.8,1,5.25483870967742,0.33999999999999997,56.685
Apr-2020,45.4,6.6,4.75,2.3920000000000003,9.384
May-2020,62.2,17,4.65483870967742,5.659000000000001,4.301
Jun-2020,61.6,28.2,5.053333333333333,6.663,0.334
Jul-2020,77.6,32.4,4.993548387096775,2.6810000000000005,0
Aug-2020,78.6,33,5.0935483870967735,2.346,0
Sep-2020,71.7,31.9,4.239999999999999,6.2989999999999995,0.662
Oct-2020,63.8,10.7,4.37741935483871,6.212999999999999,14.761
Nov-2020,49.6,13.8,4.669999999999999,4.307999999999998,69.298
Dec-2020,32.8,3.5,4.603225806451613,2.2700000000000005,73.99600000000001
Jan-2021,30,5.9,4.54516129032258,2.075,77.705
Feb-2021,28,-4,4.8571428571428585,0.54,77.19299999999998
Mar-2021,42.2,10.4,4.487096774193549,0.7140000000000002,32.775
Apr-2021,54.5,8.6,4.8500000000000005,1.4220000000000002,14.004000000000001
May-2021,55.7,21.6,5.1645161290322585,3.4720000000000004,3.3470000000000004
Jun-2021,90,25.4,4.806666666666667,3.7350000000000003,0.251
Jul-2021,79.4,34.2,5.380645161290322,0.14,0
Aug-2021,80.9,33.2,4.874193548387097,2.589,0.028
Sep-2021,68.2,27.9,4.276666666666667,9.4,0.552
Oct-2021,50.2,17.2,4.316129032258064,7.354,15.981
Nov-2021,40.4,8.7,4.783333333333332,14.752999999999998,52.842999999999996
Dec-2021,33.5,-17.3,4.77741935483871,1.206,78.62599999999999
Jan-2022,36.8,-6.9,4.45483870967742,3.051,52.63199999999999
Feb-2022,41,-4.6,4.239285714285714,0.739,38.172000000000004
Mar-2022,42.8,8.4,4.367741935483871,2.701,41.178
Apr-2022,48.3,8.3,5.040000000000001,1.4740000000000006,52.14700000000001
May-2022,51.2,18.3,5.070967741935485,5.57,16.528
Jun-2022,72.1,26.2,4.763333333333333,7.544,0.279
Jul-2022,77.8,34.2,5.074193548387097,2.418,0
Aug-2022,78.6,36.1,4.793548387096774,1.4060000000000001,0
Sep-2022,75.8,32.4,4.56,1.385,0
Oct-2022,65.5,21.5,4.158064516129032,3.2,25.335
Nov-2022,40.8,-6,5.253333333333333,1.926,44.91199999999999
Dec-2022,29.3,-20.5,4.780645161290323,3.382,58.959
Jan-2023,32.1,-2.6,4.187096774193549,2.0589999999999997,26.937
Feb-2023,32.1,-8.3,4.9,0.16800000000000004,62.09200000000001
Mar-2023,39.6,-0.2,4.719354838709677,0.28400000000000003,41.571
Apr-2023,61.1,11.7,4.713333333333333,2.650000000000001,33.409000000000006
May-2023,66.5,24.2,4.845161290322581,2.714,0.389
Jun-2023,66.1,28.7,5.073333333333334,2.1350000000000002,0.527
